<?xml version="1.0" encoding="windows-1252"?>
<!--  This file conforms to the DTD xdc/bld/build.dtd -->
<package name="xconfig_SRIOMulticore6" version="" producerId="undefined">
    <units>
    </units>
    <sources>
        <srcFile name="package/cfg/SRIOMulticore6_pe66.c"/>
    </sources>
    <configscripts>
        <srcFile name="C:/Program Files/Texas Instruments/pdk_C6678_1_0_0_12/packages/ti/drv/Example2/srioMUlticore_6/SRIOMulticore6.cfg"/>
    </configscripts>
    <makefiles>
        <srcFile name="package.mak" src="package.bld"/>
        <srcFile name="package/package.xdc.dep" src="package.xdc"/>
        <srcFile name="package/cfg/SRIOMulticore6_pe66.mak" src="package.bld"/>
        <srcFile name="package/cfg/SRIOMulticore6_pe66.oe66.dep" src="package/cfg/SRIOMulticore6_pe66.c"/>
        <srcFile name="package/cfg/SRIOMulticore6_pe66.dep" src="package/cfg/SRIOMulticore6_pe66.cfg"/>
        <srcFile name="package/cfg/SRIOMulticore6.xe66.mak" src="package.bld"/>
        <srcFile name="package/rel/xconfig_SRIOMulticore6.tar.dep" src="package/rel/xconfig_SRIOMulticore6.xdc.inc"/>
    </makefiles>
    <targets>
        <target name="ti.targets.elf.C66"
            version="ti.targets.elf.C66{1,0,7.4,0,11130"
            platform="ti.platforms.simTCI6616"
            isa="66"
            suffix="e66"
            rootDir="C:/PROGRA~1/TEXASI~1/C6000C~2.0A1"
            os="undefined"
            rts="ti.targets.rts6000">
            <model endian="little"
                codeModel="undefined"
                dataModel="undefined"/>
        </target>
    </targets>
    <libraries>
    </libraries>
    <configurations>
    <configuration name="SRIOMulticore6"
        pname="SRIOMulticore6.pe66"
        target="ti.targets.elf.C66"
        platform="ti.platforms.evm6678"
        profile="release"
        isPartial="false"
        xCfgScript="package/cfg/SRIOMulticore6_pe66.cfg"
        xCfgPrefix="package/cfg/SRIOMulticore6_pe66"
        cfgScript="C:/Program Files/Texas Instruments/pdk_C6678_1_0_0_12/packages/ti/drv/Example2/srioMUlticore_6/SRIOMulticore6.cfg"
        cfgArgs="null"
        />
    </configurations>
    <executables>
    <executable name="SRIOMulticore6"
        pname="SRIOMulticore6.xe66"
        target="ti.targets.elf.C66"
        platform="ti.platforms.evm6678"
        profile="release"
        xCfgScript="package/cfg/SRIOMulticore6_pe66.cfg"
        xCfgPrefix="package/cfg/SRIOMulticore6_pe66"
        cfgScript="C:/Program Files/Texas Instruments/pdk_C6678_1_0_0_12/packages/ti/drv/Example2/srioMUlticore_6/SRIOMulticore6.cfg"
        cfgArgs="null"
        />
    </executables>
    <tests>
    <test exeName="SRIOMulticore6.xe66"
        args=""
        groupName="SRIOMulticore6.xe66"
        refOutput="undefined"
        refExitCode="0"
        execArgs=""
        />
    </tests>
    <releases relDir="package/rel/">
    <release name="xconfig_SRIOMulticore6"
        pname="xconfig_SRIOMulticore6.tar"
        label="default"
    >
        <file name="package/package.bld.xml"/>
        <file name="package/package.ext.xml"/>
        <file name="package/package.rel.dot"/>
        <file name="package/build.cfg"/>
        <file name="package/package.xdc.inc"/>
    </release>
    </releases>
    <repositories>
    </repositories>
</package>
