<?xml version="1.0" encoding="windows-1252"?>
<!--  This file conforms to the DTD xdc/bld/build.dtd -->
<package name="configPkg" version="" producerId="undefined">
    <units>
    </units>
    <sources>
        <srcFile name="package/cfg/srio_fft_pe66.c"/>
    </sources>
    <configscripts>
        <srcFile name="C:/Users/a0270985/Documents/a_training/customer/keystone-workshop/labs/solutions/SrioFFT/srio_fft.cfg"/>
    </configscripts>
    <makefiles>
        <srcFile name="package.mak" src="package.bld"/>
        <srcFile name="package/package.xdc.dep" src="package.xdc"/>
        <srcFile name="package/cfg/srio_fft_pe66.mak" src="package.bld"/>
        <srcFile name="package/cfg/srio_fft_pe66.oe66.dep" src="package/cfg/srio_fft_pe66.c"/>
        <srcFile name="package/cfg/srio_fft_pe66.dep" src="package/cfg/srio_fft_pe66.cfg"/>
        <srcFile name="package/cfg/srio_fft.xe66.mak" src="package.bld"/>
        <srcFile name="package/rel/configPkg.tar.dep" src="package/rel/configPkg.xdc.inc"/>
    </makefiles>
    <targets>
        <target name="ti.targets.elf.C66"
            version="ti.targets.elf.C66{1,0,7.4,0"
            platform="ti.platforms.simTCI6616"
            isa="66"
            suffix="e66"
            rootDir="C:/ti/code_generation_7_4_0"
            os="undefined"
            rts="ti.targets.rts6000">
            <model endian="little"
                codeModel="undefined"
                dataModel="undefined"/>
        </target>
    </targets>
    <libraries>
    </libraries>
    <configurations>
    <configuration name="srio_fft"
        pname="srio_fft.pe66"
        target="ti.targets.elf.C66"
        platform="ti.platforms.evm6678"
        profile="debug"
        isPartial="false"
        xCfgScript="package/cfg/srio_fft_pe66.cfg"
        xCfgPrefix="package/cfg/srio_fft_pe66"
        cfgScript="C:/Users/a0270985/Documents/a_training/customer/keystone-workshop/labs/solutions/SrioFFT/srio_fft.cfg"
        cfgArgs="null"
        />
    </configurations>
    <executables>
    <executable name="srio_fft"
        pname="srio_fft.xe66"
        target="ti.targets.elf.C66"
        platform="ti.platforms.evm6678"
        profile="debug"
        xCfgScript="package/cfg/srio_fft_pe66.cfg"
        xCfgPrefix="package/cfg/srio_fft_pe66"
        cfgScript="C:/Users/a0270985/Documents/a_training/customer/keystone-workshop/labs/solutions/SrioFFT/srio_fft.cfg"
        cfgArgs="null"
        />
    </executables>
    <tests>
    <test exeName="srio_fft.xe66"
        args=""
        groupName="srio_fft.xe66"
        refOutput="undefined"
        refExitCode="0"
        execArgs=""
        />
    </tests>
    <releases relDir="package/rel/">
    <release name="configPkg"
        pname="configPkg.tar"
        label="default"
    >
        <file name="package/package.bld.xml"/>
        <file name="package/package.ext.xml"/>
        <file name="package/package.rel.dot"/>
        <file name="package/build.cfg"/>
        <file name="package/package.xdc.inc"/>
    </release>
    </releases>
    <repositories>
    </repositories>
</package>
